

INSERT INTO PRODUCTS(ID,NAME,REGULAR_PRICE,DISCOUNT_PRICE,QUANTITY,DESCRIPTION) VALUES
(1,'TOOTHSI ELECTRO',2499.00,1170.00,4,'ELECTRIC TOOTHBRUSH');
INSERT INTO PRODUCTS(ID,NAME,REGULAR_PRICE,DISCOUNT_PRICE,QUANTITY,DESCRIPTION) VALUES
(2,'TOOTHSI SPARK TEETH WHITENING KIT',11999.00,5400.00,4,'PROFESSIONAL TREATMENT AT HOME');
INSERT INTO PRODUCTS(ID,NAME,REGULAR_PRICE,DISCOUNT_PRICE,QUANTITY,DESCRIPTION) VALUES
(3,'TRIAL ALIGNERS',12999.00,6300.00,4,'TRY IT BEFORE YOU BUY IT!');
INSERT INTO PRODUCTS(ID,NAME,REGULAR_PRICE,DISCOUNT_PRICE,QUANTITY,DESCRIPTION) VALUES
(4,'FOAMY CLEANER',749.00,450.00,4,'ALIGNER CLEANING FOAM');
INSERT INTO PRODUCTS(ID,NAME,REGULAR_PRICE,DISCOUNT_PRICE,QUANTITY,DESCRIPTION) VALUES
(5,'DRY BOX',250.00,180.00,4,'SAFE CASE FOR ALIGNERS');
INSERT INTO PRODUCTS(ID,NAME,REGULAR_PRICE,DISCOUNT_PRICE,QUANTITY,DESCRIPTION) VALUES
(6,'FLACOURED CHEWIES',699.00,360.00,4,'TO STRAIGHTEN TEETH FASTER');




INSERT INTO USERS(ID,FIRST_NAME,LAST_NAME,EMAIL,PASSWORD,PHONE) VALUES
(1,'ANIKET','LAVAND','LAVAND.ANIKET@GMAIL.COM','123','7020542824');
INSERT INTO USERS(ID,FIRST_NAME,LAST_NAME,EMAIL,PASSWORD,PHONE) VALUES
(2,'SIDDHARTH','HEMNANI','SIDHEM07@GMAIL.COM','456','7620748824');
INSERT INTO USERS(ID,FIRST_NAME,LAST_NAME,EMAIL,PASSWORD,PHONE) VALUES
(3,'RUPALI','PANDIT','RUPS44@GMAIL.COM','789','9820552324');
INSERT INTO USERS(ID,FIRST_NAME,LAST_NAME,EMAIL,PASSWORD,PHONE) VALUES
(4,'SHAMBUNATH','GUPTA','SHAMZCOOL@GMAIL.COM','435','7920066824');
INSERT INTO USERS(ID,FIRST_NAME,LAST_NAME,EMAIL,PASSWORD,PHONE) VALUES
(5,'RAHUL','SHARMA','RAHUL@GMAIL.COM','4435','7430668243');
INSERT INTO USERS(ID,FIRST_NAME,LAST_NAME,EMAIL,PASSWORD,PHONE) VALUES
(6,'MANSI','SHARMA','MANSI123@GMAIL.COM','6735','7999966824');




INSERT INTO CART(CART_ID,USER_ID,ORDER_STATUS,AMOUNT,DISCOUNT) VALUES
(1,2,'COMPLETED',6750.0,0);
INSERT INTO CART(CART_ID,USER_ID,ORDER_STATUS,AMOUNT,DISCOUNT) VALUES
(2,1,'COMPLETED',1170.0,0);
INSERT INTO CART(CART_ID,USER_ID,ORDER_STATUS,AMOUNT,DISCOUNT) VALUES
(3,4,'COMPLETED',13860.0,0);
INSERT INTO CART(CART_ID,USER_ID,ORDER_STATUS,AMOUNT,DISCOUNT) VALUES
(4,3,'COMPLETED',630.0,0);
INSERT INTO CART(CART_ID,USER_ID,ORDER_STATUS,AMOUNT,DISCOUNT) VALUES
(5,6,'COMPLETED',8000.0,0);
INSERT INTO CART(CART_ID,USER_ID,ORDER_STATUS,AMOUNT,DISCOUNT) VALUES
(6,5,'COMPLETED',720.0,0);



INSERT INTO CART_ITEM(CART_ITEM_ID,QUANTITY_WISHED,CART_ID,PRODUCT_ID,PRICE,DISCOUNT) VALUES
(1,1,1,3,6300,0);
INSERT INTO CART_ITEM(CART_ITEM_ID,QUANTITY_WISHED,CART_ID,PRODUCT_ID,PRICE,DISCOUNT) VALUES
(2,1,2,1,1170,0);
INSERT INTO CART_ITEM(CART_ITEM_ID,QUANTITY_WISHED,CART_ID,PRODUCT_ID,PRICE,DISCOUNT) VALUES
(3,1,1,4,450,0);
INSERT INTO CART_ITEM(CART_ITEM_ID,QUANTITY_WISHED,CART_ID,PRODUCT_ID,PRICE,DISCOUNT) VALUES
(4,1,4,4,450,0);
INSERT INTO CART_ITEM(CART_ITEM_ID,QUANTITY_WISHED,CART_ID,PRODUCT_ID,PRICE,DISCOUNT) VALUES
(5,1,4,5,180,0);
INSERT INTO CART_ITEM(CART_ITEM_ID,QUANTITY_WISHED,CART_ID,PRODUCT_ID,PRICE,DISCOUNT) VALUES
(6,1,3,1,1170,0);
INSERT INTO CART_ITEM(CART_ITEM_ID,QUANTITY_WISHED,CART_ID,PRODUCT_ID,PRICE,DISCOUNT) VALUES
(7,1,3,2,5400,0);
INSERT INTO CART_ITEM(CART_ITEM_ID,QUANTITY_WISHED,CART_ID,PRODUCT_ID,PRICE,DISCOUNT) VALUES
(8,1,3,3,6300,0);
INSERT INTO CART_ITEM(CART_ITEM_ID,QUANTITY_WISHED,CART_ID,PRODUCT_ID,PRICE,DISCOUNT) VALUES
(9,1,3,4,450,0);
INSERT INTO CART_ITEM(CART_ITEM_ID,QUANTITY_WISHED,CART_ID,PRODUCT_ID,PRICE,DISCOUNT) VALUES
(10,1,3,5,180,0);
INSERT INTO CART_ITEM(CART_ITEM_ID,QUANTITY_WISHED,CART_ID,PRODUCT_ID,PRICE,DISCOUNT) VALUES
(11,1,3,6,360,0);
INSERT INTO CART_ITEM(CART_ITEM_ID,QUANTITY_WISHED,CART_ID,PRODUCT_ID,PRICE,DISCOUNT) VALUES
(12,1,5,1,1170,0);
INSERT INTO CART_ITEM(CART_ITEM_ID,QUANTITY_WISHED,CART_ID,PRODUCT_ID,PRICE,DISCOUNT) VALUES
(13,1,5,3,6300,0);
INSERT INTO CART_ITEM(CART_ITEM_ID,QUANTITY_WISHED,CART_ID,PRODUCT_ID,PRICE,DISCOUNT) VALUES
(14,2,6,6,720,0);


INSERT INTO ADDRESSES(ID,STREET,CITY,COUNTRY,POST_CODE,USER_ID) VALUES
(1,'GANRAJ COLONY','PUNE','INDIA','411033',1);
INSERT INTO ADDRESSES(ID,STREET,CITY,COUNTRY,POST_CODE,USER_ID) VALUES
(2,'RAM NAGAR','MUMBAI','INDIA','414034',2);
INSERT INTO ADDRESSES(ID,STREET,CITY,COUNTRY,POST_CODE,USER_ID) VALUES
(3,'POLICE COLONY','PATNA','INDIA','411003',3);
INSERT INTO ADDRESSES(ID,STREET,CITY,COUNTRY,POST_CODE,USER_ID) VALUES
(4,'TIT ROAD','GORAKHPUR','INDIA','411006',4);
INSERT INTO ADDRESSES(ID,STREET,CITY,COUNTRY,POST_CODE,USER_ID) VALUES
(5,'UNIVERSITY ROAD','PUNE','INDIA','411026',5);
INSERT INTO ADDRESSES(ID,STREET,CITY,COUNTRY,POST_CODE,USER_ID) VALUES
(6,'KARVENAGAR','PUNE','INDIA','411016',6);


INSERT INTO PAYMENT(PAYMENT_ID,PAYMENT_DATE,PAYMENT_TYPE,USER_ID,CART_ID,TOTAL_AMOUNT) VALUES
(1,'2021-12-20','COD',1,2,1170.00);
INSERT INTO PAYMENT(PAYMENT_ID,PAYMENT_DATE,PAYMENT_TYPE,USER_ID,CART_ID,TOTAL_AMOUNT) VALUES
(2,'2021-12-18','UPI',2,1,6750.00);
INSERT INTO PAYMENT(PAYMENT_ID,PAYMENT_DATE,PAYMENT_TYPE,USER_ID,CART_ID,TOTAL_AMOUNT) VALUES
(3,'2021-12-21','UPI',3,4,630.00);
INSERT INTO PAYMENT(PAYMENT_ID,PAYMENT_DATE,PAYMENT_TYPE,USER_ID,CART_ID,TOTAL_AMOUNT) VALUES
(4,'2021-12-16','COD',4,3,13860.00);
INSERT INTO PAYMENT(PAYMENT_ID,PAYMENT_DATE,PAYMENT_TYPE,USER_ID,CART_ID,TOTAL_AMOUNT) VALUES
(5,'2021-12-24','DC',5,6,720.00);
INSERT INTO PAYMENT(PAYMENT_ID,PAYMENT_DATE,PAYMENT_TYPE,USER_ID,CART_ID,TOTAL_AMOUNT) VALUES
(6,'2021-12-14','CC',6,5,8000.00);



 

